agencia viajes,100
agencia de viajes,99
viajes mexico,72
agencias de viajes,68
paquetes viajes,48
paquetes de viajes,38
viajes a mexico,35
cancun,33
viajes cancun,33
viajes todo incluido,32
viajes a cancun,24
viajes baratos,20
viajes cuba,15
viajes europa,15
viajes palacio,15
cuba,15
viajes volaris,14
viajes a cuba,13
viajes a europa,12
travel viajes,12
travel,12
agencia de viajes mexico,12
viajes acapulco,11
aeromexico,11
viajes de colon,11
viajes volaris,Aumento puntual
viajes interjet,Aumento puntual
viajes todo incluido cancun,Aumento puntual
best day,Aumento puntual
viajes a cancun todo incluido,Aumento puntual
el corte ingles viajes,Aumento puntual
trivago,Aumento puntual
agencia de viajes df,Aumento puntual
frases de viajes,Aumento puntual
viajes xalapa,Aumento puntual
bestday,Aumento puntual
aerobus,Aumento puntual
viajes bancomer,Aumento puntual
expo viajes,Aumento puntual
viajes a vallarta todo incluido,Aumento puntual
viajes gratis uber,Aumento puntual
viajes a la playa,Aumento puntual
viajes a costa rica,Aumento puntual
viajes baratos a cancun,Aumento puntual
pricetravel,Aumento puntual
viajes aury,Aumento puntual
viajes ontiveros,Aumento puntual
agencia de viajes chihuahua,Aumento puntual
viajes a cuba todo incluido,Aumento puntual
viajes flosan,Aumento puntual

